student_id,name,age,gender,email,phone,enrollment_year,course_batch,city,graduation_year
1,James Osborne,22,Male,michaelnguyen@example.net,855-975-6136x730,2019,Batch-2,Cassandrachester,2023
2,Lisa Chapman,25,Male,luissalinas@example.com,+1-998-219-7597x3197,2023,Batch-1,New Matthewton,2027
3,Jennifer Hill,25,Female,fordandrea@example.org,575-233-7523x27043,2021,Batch-2,East Frances,2025
4,Sheri Gonzalez,21,Other,millerjessica@example.net,685-887-5331x90431,2023,Batch-4,Port Fredville,2027
5,Donna Bright,23,Other,hurstamy@example.org,582-554-9174,2021,Batch-3,South Sonya,2025
6,Jonathan Nguyen,21,Male,rconrad@example.com,636-650-2793x329,2022,Batch-3,North Hollyhaven,2026
7,Meredith Porter,25,Male,vrobinson@example.com,(776)930-3817x1259,2021,Batch-3,Port Jean,2025
8,Brian Lane,20,Other,khamilton@example.net,577-536-5393,2020,Batch-1,Port Ruben,2024
9,Robert Campos,20,Female,kimberly95@example.com,872-746-4535x99103,2023,Batch-5,Samanthaton,2027
10,John Hill,22,Male,davidbrooks@example.com,001-395-322-0600x5332,2023,Batch-4,Danielsfort,2027
11,Ashley Thomas,21,Female,gary73@example.org,(363)597-7873x512,2020,Batch-2,Connormouth,2024
12,Wendy Houston,23,Female,gjones@example.com,001-565-334-7910x07064,2021,Batch-4,South Christopherfurt,2025
13,Sarah Stevens,23,Other,martinlaurie@example.com,001-914-779-3017x1837,2020,Batch-5,Smithport,2024
14,Edwin Hicks,22,Female,andreawood@example.org,(808)326-8262x250,2022,Batch-1,Danielsview,2026
15,Emma Herrera,25,Other,nicholsonrebecca@example.org,(771)693-4004x83104,2020,Batch-4,New Catherineside,2024
16,Katherine Hebert,22,Male,esandoval@example.org,745-470-8586x5299,2022,Batch-2,West Jonathan,2026
17,Karen Kent,20,Other,vmoore@example.net,516.264.9956x35022,2020,Batch-4,Josephburgh,2024
18,Douglas Daugherty,24,Female,tayloraaron@example.net,211-938-1941x220,2021,Batch-1,North Shawnville,2025
19,Arthur Little,24,Male,elliottjared@example.org,001-843-576-8467,2023,Batch-5,West Robert,2027
20,Teresa Bass,24,Other,ginachambers@example.com,(942)789-0581x92698,2022,Batch-4,New Lisa,2026
21,Margaret Rodriguez,23,Male,drakemichelle@example.org,421-507-0788x05843,2020,Batch-1,Russellfurt,2024
22,David Wilson,22,Other,sandrarogers@example.net,448.582.3285x374,2020,Batch-4,Gentrymouth,2024
23,Sheryl Henderson,22,Female,jameshoward@example.com,(834)578-9180,2020,Batch-5,Luisfurt,2024
24,Megan Hawkins,23,Male,bowmanbrittany@example.com,298.287.7671,2020,Batch-2,South Kenneth,2024
25,Nancy Nguyen,21,Female,meganhughes@example.org,001-821-201-4855,2021,Batch-2,Lake John,2025
26,Jocelyn Hernandez,20,Male,ialvarez@example.net,457.781.6831x3307,2021,Batch-4,Mccoyborough,2025
27,Natalie Mays,24,Female,nicolewilkins@example.net,(420)418-4240,2019,Batch-2,Jameston,2023
28,James White,22,Male,spencemary@example.net,(296)741-5851x48578,2020,Batch-3,Alanborough,2024
29,Shannon Garcia,25,Other,silvajustin@example.org,695.965.5546x4102,2019,Batch-1,Port Paigeland,2023
30,Patrick Smith,20,Male,mercadotheresa@example.org,463.403.0510x997,2021,Batch-4,Stewartview,2025
31,Andre Murphy,25,Female,dylan58@example.org,366-864-9664x0536,2021,Batch-2,South James,2025
32,Antonio Garcia,20,Other,anitapowers@example.net,252-752-0578,2020,Batch-4,Romerohaven,2024
33,Wanda Evans,25,Female,nathanbarnes@example.org,001-811-694-9220x29317,2023,Batch-1,Port Frances,2027
34,Mario Cabrera,23,Male,evansandrew@example.net,001-570-381-5921x917,2019,Batch-3,Nataliemouth,2023
35,Jacob Duncan,20,Male,qdavis@example.com,5324516305,2022,Batch-3,South Deniseland,2026
36,Karen Phelps,25,Other,ryan61@example.com,623.638.0179x7391,2021,Batch-4,West Robertfurt,2025
37,William Phillips,21,Other,edward39@example.net,370.240.4695,2019,Batch-4,Graveshaven,2023
38,Alicia Boyd,23,Female,savagepatricia@example.com,232-600-9987,2019,Batch-3,Carlyburgh,2023
39,Christine Lin,22,Male,shannongreen@example.net,+1-570-820-9218x4294,2019,Batch-4,Zavalashire,2023
40,Karen Gordon,20,Female,gbush@example.net,001-631-336-3929,2019,Batch-4,East Michael,2023
41,Michael Mccarthy,25,Male,martinmichael@example.net,520-696-8149,2020,Batch-3,Port Justin,2024
42,Tyler Murray,21,Other,wsutton@example.org,383-635-1100x62183,2023,Batch-3,Cindyville,2027
43,Gregory Perez,22,Male,gerald56@example.com,001-918-827-9740x012,2020,Batch-1,Smithmouth,2024
44,Sierra Wolf,24,Other,emma00@example.net,598.619.4518,2021,Batch-3,Bakerhaven,2025
45,Michael Campbell,23,Male,kwashington@example.org,678-658-8778,2023,Batch-1,North Jason,2027
46,Ann Davis,24,Other,qreyes@example.org,666.549.5446x960,2019,Batch-2,South Connie,2023
47,Michael Erickson,20,Other,randy49@example.org,+1-504-837-1084,2021,Batch-4,South Rachel,2025
48,Michael Madden,20,Female,ramseysherri@example.net,437.994.2643x34353,2019,Batch-2,Abbotttown,2023
49,Samantha Ford,22,Female,laurahanson@example.net,+1-657-412-0888x151,2019,Batch-1,South Lindaborough,2023
50,Jasmine Turner,20,Other,curtiskaren@example.net,618-531-5862,2019,Batch-3,Jasonberg,2023
51,Michael Baxter,21,Other,scrosby@example.org,001-729-735-4321x8299,2022,Batch-3,New Vanessashire,2026
52,Heather Roberts,23,Female,bryan08@example.com,280-971-3031,2021,Batch-1,East Davidburgh,2025
53,Cynthia Olson,24,Female,savannah07@example.com,+1-913-688-8991x4901,2019,Batch-5,East Brianhaven,2023
54,Daniel Khan,24,Female,randall82@example.com,001-497-369-2674x94024,2020,Batch-3,West Mariatown,2024
55,Jordan Williams,23,Female,vhall@example.net,+1-356-424-6778x9617,2020,Batch-3,South Michaelmouth,2024
56,Suzanne Robinson,25,Other,underwoodjason@example.net,937.260.7302x0756,2022,Batch-3,New Zacharymouth,2026
57,Teresa Kennedy,23,Male,matthew94@example.com,(983)630-9332,2022,Batch-5,Paulport,2026
58,Kaylee Yang,24,Male,gsmith@example.com,+1-806-397-8210x65399,2022,Batch-5,Port David,2026
59,Mallory Sherman,23,Female,melissa78@example.com,+1-225-405-2834,2021,Batch-5,South Oscarfurt,2025
60,Joshua Sims,25,Female,moorejacob@example.net,+1-896-290-0961x13530,2020,Batch-2,West Joseph,2024
61,Miss Alyssa Castillo,24,Female,kingtom@example.org,001-523-994-4302x10845,2023,Batch-1,South Steve,2027
62,Robin Pitts,20,Male,stevenwilliams@example.com,660-456-2027x507,2019,Batch-4,New Matthew,2023
63,Laura Phillips,25,Female,tiffany03@example.com,828.569.6757x868,2021,Batch-4,West Erin,2025
64,Kyle Ramirez,25,Male,robert85@example.net,(951)269-8958x5036,2019,Batch-3,Coreystad,2023
65,Shelly Contreras,23,Other,joshuapatel@example.org,001-229-971-3182,2020,Batch-3,North Hannahberg,2024
66,Lisa Lynch,23,Female,ywoods@example.net,001-797-712-9689,2019,Batch-2,Petersonshire,2023
67,Denise Buchanan,24,Female,brooksgeorge@example.net,(284)677-0741,2020,Batch-4,Wilsonton,2024
68,Angela Walker,20,Female,fgriffin@example.net,647.946.3484x315,2022,Batch-5,Mortonhaven,2026
69,Desiree Edwards,24,Other,isaiah63@example.org,001-506-344-0061x71675,2020,Batch-4,Monicatown,2024
70,Deborah Ford,20,Female,orrmelissa@example.net,(334)956-5335x77448,2019,Batch-4,Port Sara,2023
71,Austin Munoz DDS,24,Other,ecampbell@example.net,001-345-214-3557x861,2020,Batch-2,Goldenhaven,2024
72,Dr. Tina Rodriguez,25,Other,natalieburnett@example.net,754.843.7176x550,2021,Batch-4,West Johnstad,2025
73,Catherine Simpson,23,Female,cameron98@example.com,+1-658-902-4563,2020,Batch-4,North Preston,2024
74,Anthony Smith,21,Other,carlos94@example.org,001-465-602-7542,2022,Batch-3,Morganmouth,2026
75,Jimmy Wilcox,24,Male,hlee@example.com,987.511.3927x299,2020,Batch-5,South Kelly,2024
76,Christopher Sanders,24,Other,inorris@example.net,536-472-7190,2023,Batch-3,East Kevin,2027
77,John Mcbride,23,Female,bowenjennifer@example.com,(371)207-6308,2021,Batch-4,Gonzalesmouth,2025
78,Seth Rasmussen,23,Male,parkeric@example.com,(375)575-4083,2021,Batch-4,South Timothy,2025
79,Emily Johnson DVM,23,Other,manuelsmith@example.com,923.263.3777x21613,2023,Batch-3,South Tonifort,2027
80,Hannah Fernandez,25,Female,jacob80@example.org,001-961-664-6879,2021,Batch-5,North Denise,2025
81,Joshua Silva,23,Female,clarkeapril@example.com,(257)667-4914,2021,Batch-2,Jessicaport,2025
82,Destiny Armstrong,23,Male,linda94@example.net,694-454-4364,2020,Batch-2,East Angelshire,2024
83,Aaron Salazar,22,Female,jonathan80@example.net,256-721-2391x044,2021,Batch-4,Tranmouth,2025
84,Gary Lewis,24,Male,meredith07@example.com,528-356-7484x28841,2020,Batch-1,Lake Haydenberg,2024
85,Larry Olson,25,Female,carmenwilliams@example.net,001-682-377-5529x9918,2022,Batch-1,Larryborough,2026
86,Ashley Jimenez,21,Other,hintonrhonda@example.net,470.841.5952x282,2023,Batch-4,Lake Erikahaven,2027
87,Matthew Harmon,23,Female,sarah64@example.net,2563273636,2023,Batch-3,Joyceberg,2027
88,Justin Patel MD,22,Other,holly17@example.org,+1-540-895-2306x21440,2023,Batch-1,Prattberg,2027
89,Joseph Little,25,Other,april02@example.org,946.857.2634x1603,2019,Batch-1,Torresland,2023
90,Paul Rogers,20,Male,benjamin61@example.com,001-933-640-9599x8027,2023,Batch-2,Brownmouth,2027
91,Nicholas Garcia,24,Other,uguzman@example.com,+1-501-468-1102x6320,2022,Batch-2,West Michael,2026
92,Janice Ward,23,Male,dboyer@example.net,(763)428-4135x817,2020,Batch-4,North Lisa,2024
93,Rachel Franklin,20,Female,mariahaney@example.org,770-885-0790x684,2023,Batch-5,Port Daniel,2027
94,Jennifer Johnson,24,Other,ralph75@example.net,+1-212-511-0145x82649,2021,Batch-5,Brittanyfurt,2025
95,Benjamin Ramirez,25,Other,fweaver@example.com,962.422.7778,2023,Batch-3,Port Johnside,2027
96,Katherine Carr,20,Male,diaznicholas@example.org,3418644601,2020,Batch-4,Jameshaven,2024
97,Thomas Fuller,20,Female,andreafarley@example.net,(484)809-5429x33698,2019,Batch-1,South Jennifer,2023
98,Jennifer Snyder,23,Other,sgallagher@example.com,284.945.4694,2023,Batch-2,Lake Rachel,2027
99,Kimberly Miranda,22,Female,sgomez@example.com,217.287.9822x310,2021,Batch-5,Port Carrieton,2025
100,Michael Johnson,21,Male,tiffanyroberts@example.org,914-764-5413,2023,Batch-2,East Sarah,2027
101,Roy Alexander,20,Female,bryanjones@example.net,252.919.2477x2518,2019,Batch-4,Davismouth,2023
102,Stacy Koch,23,Female,qwest@example.org,(221)344-5699x0370,2019,Batch-4,North Markfurt,2023
103,Adam Forbes,24,Male,jessica74@example.com,7486329072,2020,Batch-5,Coltonfurt,2024
104,Joshua Zhang,24,Male,katie07@example.com,678-480-7063,2021,Batch-3,South Johnstad,2025
105,Robert Walker,20,Male,tdaniel@example.com,001-846-572-4333x716,2023,Batch-3,Payneburgh,2027
106,Steven Best,22,Male,cortiz@example.org,+1-305-462-9673x9808,2023,Batch-4,Dawsonfurt,2027
107,Michael Perkins,25,Other,clarkmatthew@example.org,(892)842-8936x538,2021,Batch-1,South Kevinmouth,2025
108,Sean Morgan,25,Male,carpentermatthew@example.com,+1-562-225-7528,2023,Batch-2,Haysfurt,2027
109,James Jones,20,Female,smithmatthew@example.com,+1-579-822-8645,2023,Batch-3,North Nancy,2027
110,Michael Tran,25,Male,yvonnesmith@example.net,(772)654-9088,2022,Batch-4,Kathleenborough,2026
111,Ryan Cantrell,21,Female,bbishop@example.org,752.561.5702x2997,2020,Batch-2,West Tiffany,2024
112,Kristopher Moon,20,Male,christophersalazar@example.net,893-676-4881x293,2019,Batch-5,Shepherdshire,2023
113,Mr. Steven Rodriguez,23,Other,zachary31@example.com,7699846030,2023,Batch-1,Washingtontown,2027
114,Robert Foley,23,Other,tom33@example.com,454-772-8625x49070,2021,Batch-1,New Ronnieberg,2025
115,James Baker,25,Male,rebecca49@example.net,628.639.1880,2020,Batch-1,Tranfurt,2024
116,Ana Carroll,23,Other,ruizthomas@example.com,+1-399-912-3470x6880,2020,Batch-1,Wellsview,2024
117,Jennifer Taylor,21,Female,rosekevin@example.net,001-339-999-7634x510,2023,Batch-1,Blakeside,2027
118,Heather Thomas,25,Female,lisataylor@example.net,695-515-2428,2023,Batch-5,Jasonport,2027
119,Eric Meyer,25,Other,wnorris@example.net,+1-373-285-8709x487,2022,Batch-5,Port Richardstad,2026
120,John Vazquez,22,Female,kenneth02@example.org,(427)794-8161x10396,2019,Batch-2,East Stephanie,2023
121,Teresa Caldwell,20,Other,gracewade@example.com,433-438-8990x675,2022,Batch-5,Jimmyburgh,2026
122,Brandon Smith,23,Female,loganmcgee@example.net,299-630-0307x64553,2019,Batch-1,New Steven,2023
123,David Romero,20,Female,lisa01@example.net,946.718.6510,2020,Batch-3,Keithstad,2024
124,Brittney Campbell,24,Other,tommy36@example.net,264-513-8729,2019,Batch-2,Haysville,2023
125,Gabrielle Watson,23,Other,thomasjohnson@example.com,299.809.7041x056,2021,Batch-5,Coreyshire,2025
126,James Walker,20,Female,steven80@example.org,001-235-971-7854,2021,Batch-4,East Jessicamouth,2025
127,Isaac Wilson,23,Male,larsonloretta@example.org,5622162850,2019,Batch-2,Rodriguezland,2023
128,Nancy Gonzales,21,Male,albert97@example.com,594-942-4219,2021,Batch-3,North Anna,2025
129,Melissa Perez,20,Female,taylor26@example.net,848-235-3426x4174,2022,Batch-3,Ryanfort,2026
130,Zachary Castro,24,Other,george91@example.com,562-731-8520x06752,2021,Batch-2,South Summer,2025
131,Robert Chavez,21,Male,gomeztricia@example.net,+1-695-211-4506x09964,2019,Batch-3,Gregoryton,2023
132,Michelle Lewis,24,Female,murrayanthony@example.org,(600)264-3347,2022,Batch-1,Mcfarlandbury,2026
133,Stephanie Brown,20,Male,julian32@example.net,961-508-6709,2022,Batch-5,Port Denise,2026
134,Thomas Hicks,25,Female,amandaedwards@example.com,7608666099,2019,Batch-4,West Brittany,2023
135,Adrian Salas,25,Female,curryallison@example.net,525.376.7030x042,2020,Batch-1,West Troyfurt,2024
136,Steven Ryan,25,Other,cruzrachel@example.net,746.481.6843x337,2020,Batch-5,South Aliceport,2024
137,Kevin Butler,22,Other,shawn21@example.net,+1-681-836-7039x0088,2019,Batch-2,Scottberg,2023
138,Mary Johns MD,24,Other,ewade@example.org,+1-675-566-4052,2023,Batch-2,Santoston,2027
139,Christopher Lewis,20,Other,odomcody@example.org,545.341.3775,2020,Batch-1,Kelleyville,2024
140,Joseph Jones,21,Other,wilsonjoseph@example.com,722-854-9474x384,2023,Batch-2,Stevensonbury,2027
141,Thomas Wilson,25,Male,agreen@example.com,(334)463-7656x0598,2021,Batch-2,Port Jameschester,2025
142,Victoria Martinez,25,Other,candacecrawford@example.org,+1-750-419-5917,2023,Batch-3,North Denise,2027
143,Sarah Taylor,24,Male,yvonnehaney@example.com,+1-303-212-1492x84460,2019,Batch-3,North Shannon,2023
144,Guy Sanchez,21,Other,olivertricia@example.org,7983199325,2022,Batch-2,Philipchester,2026
145,Jerry Ford,25,Female,christy68@example.org,535-592-9498x0630,2020,Batch-1,Freemanfurt,2024
146,Donna Blackburn,23,Other,nathan53@example.net,001-754-226-8516,2022,Batch-1,Rodgershaven,2026
147,Felicia Fisher,25,Other,garciaangela@example.net,(494)762-0450x652,2019,Batch-2,North Marcus,2023
148,Timothy Hull,20,Other,toddkelley@example.org,+1-392-371-9389x92796,2021,Batch-2,Catherinestad,2025
149,Ashley Robinson,21,Female,dbenson@example.net,962-784-9568,2020,Batch-4,North Michael,2024
150,Michael Beasley,24,Male,tiffany30@example.net,520-292-9923x40044,2022,Batch-2,South Jenniferton,2026
151,Marc Cooper,23,Female,rubenrussell@example.net,001-921-244-9641,2020,Batch-1,North Nicole,2024
152,Rickey Butler,23,Female,phillipsnicholas@example.org,+1-996-287-8180,2019,Batch-3,Forbesview,2023
153,Michelle Lopez,22,Other,anna84@example.com,+1-847-501-2015,2023,Batch-2,North Shannonport,2027
154,Michael Bailey,23,Other,millersharon@example.org,341.886.5626,2023,Batch-3,New Kristintown,2027
155,John Dillon,25,Male,fordallison@example.com,(924)435-3511,2022,Batch-4,Port Emilychester,2026
156,Jessica Smith,24,Male,tanyanichols@example.org,(596)806-8639x829,2023,Batch-3,Tylerborough,2027
157,Danny Smith,22,Other,pfrancis@example.com,968-639-7671x14520,2021,Batch-1,Rebeccaport,2025
158,Jacqueline Jackson,20,Female,douglas07@example.com,633-414-4534x8875,2020,Batch-3,Lake Angelicaport,2024
159,Glenn Hull,23,Other,mooresteven@example.com,8063860772,2020,Batch-4,Lake Nicoleburgh,2024
160,Michelle Smith,23,Other,timothyrussell@example.com,632.287.7511x080,2019,Batch-4,Laurashire,2023
161,Eric Harrison,21,Female,susan27@example.net,598.265.9765,2023,Batch-3,New Garyville,2027
162,James Maldonado,20,Other,gmcdonald@example.com,+1-920-731-0015x2325,2021,Batch-4,Cooperchester,2025
163,Veronica Mullins,21,Female,janthony@example.org,+1-433-923-9589x807,2020,Batch-2,East Jonathanhaven,2024
164,Kimberly Scott,24,Other,kcoleman@example.com,761.716.6354,2020,Batch-4,North Patrick,2024
165,Samantha Johnson,22,Other,robert38@example.com,(316)231-1906,2020,Batch-4,East Janet,2024
166,Ms. Monica Haynes,22,Other,paularose@example.com,991-951-9067x7423,2021,Batch-5,Brendaville,2025
167,Susan Tanner,20,Male,singletonleslie@example.net,470.607.5085x931,2023,Batch-2,Seanview,2027
168,Valerie Anthony,23,Female,ystein@example.org,+1-315-441-1361x49182,2019,Batch-2,West David,2023
169,Amanda Phillips,25,Male,zrangel@example.net,+1-308-709-7906x068,2020,Batch-3,Youngshire,2024
170,Brett Melton,23,Other,davisjason@example.net,3023279366,2021,Batch-5,South Thomas,2025
171,Thomas Ho,25,Other,gonzalezallison@example.com,2148769035,2019,Batch-1,Devonstad,2023
172,Frank Taylor,20,Other,ufowler@example.org,531-542-8667x99990,2023,Batch-3,East Tiffanyfurt,2027
173,Destiny Marshall,25,Male,david87@example.org,458-331-4830x5867,2023,Batch-2,Christopherchester,2027
174,Laura Irwin,22,Other,amanda65@example.com,675.546.1873x952,2019,Batch-3,South Derek,2023
175,Danny Sims,25,Other,isantana@example.com,2876703009,2023,Batch-2,South Gary,2027
176,Melissa Ortiz,21,Male,oknox@example.net,445-480-8539,2021,Batch-4,Jeffreyville,2025
177,Kimberly Jones,25,Male,kevin16@example.org,8514522016,2019,Batch-3,Lauraland,2023
178,Adam Graham,24,Female,josephbrown@example.com,914.783.8351,2020,Batch-3,Vanessaport,2024
179,Robert Shelton,23,Female,davismelissa@example.net,(316)260-7387x039,2019,Batch-2,Lake William,2023
180,Kara Wise,24,Female,taterodney@example.org,+1-946-644-4547x132,2020,Batch-4,Port Sarahberg,2024
181,Diana Hebert,23,Male,kdaugherty@example.org,(734)248-4433,2022,Batch-5,South Sherrytown,2026
182,Carly Lewis,23,Male,melissastone@example.net,001-527-764-3138,2022,Batch-1,Laurenberg,2026
183,Jerry Keith,21,Female,stuartwilliams@example.net,325.354.1272x446,2021,Batch-4,North Michaelhaven,2025
184,Norma Greene,21,Male,savannah31@example.org,311-362-7057x35867,2020,Batch-2,Stricklandview,2024
185,Andrew Morris,23,Female,justinwilliams@example.net,984.546.2801,2020,Batch-2,North Paul,2024
186,Mark Ross,21,Other,gatesthomas@example.com,6157836880,2019,Batch-5,Archermouth,2023
187,Melissa Kim,23,Other,stephenclay@example.org,222-746-0593x34788,2020,Batch-2,East Sean,2024
188,Andrew Young,22,Male,jamescooke@example.org,3593204225,2020,Batch-1,Williamsmouth,2024
189,Sharon Higgins,22,Female,alisha25@example.net,+1-599-428-8898x5583,2021,Batch-5,South Darrell,2025
190,Katrina Shields,21,Other,campbelljessica@example.net,454.922.7703x354,2021,Batch-1,Jordanview,2025
191,Rebecca Walls,23,Female,ltrujillo@example.org,001-597-980-8479x8594,2019,Batch-4,Mullinsport,2023
192,Roy Smith,25,Male,schultzfrank@example.com,770-612-2358x200,2021,Batch-5,Port Karenmouth,2025
193,Angela Davis DDS,21,Other,chelsearodriguez@example.org,+1-536-658-2814,2022,Batch-3,West Angelamouth,2026
194,Timothy Mcintosh,21,Other,sullivanandres@example.org,351-885-3190x2215,2021,Batch-1,West Anthonyport,2025
195,Kathy Daniel,23,Other,thomastaylor@example.com,517.691.4851,2023,Batch-3,Jeffreyton,2027
196,Todd Holmes,24,Male,galvanfrank@example.net,(896)541-4225x649,2019,Batch-2,Joneschester,2023
197,Katherine Martinez,23,Male,james54@example.net,(877)717-2813,2022,Batch-4,Lake Tiffany,2026
198,Michael Patterson,23,Male,emily57@example.net,(498)245-4371x274,2022,Batch-4,Danielleton,2026
199,Larry Bush,22,Other,wilsonrobert@example.net,(628)576-2334x1079,2022,Batch-2,Bradleyville,2026
200,Michelle Armstrong,21,Other,jennifer96@example.net,622-773-2263x62287,2021,Batch-1,East Thomasberg,2025
201,Andrea Lee,21,Male,shannon04@example.net,592.317.7113,2021,Batch-4,Jenniferfort,2025
202,Aaron Nichols,24,Male,nathan14@example.net,001-691-897-1342x64472,2022,Batch-1,New Jennifer,2026
203,Vanessa Hayes,25,Female,bbarnes@example.com,8813021030,2023,Batch-5,Port Susanshire,2027
204,Earl Jones,24,Female,doughertydavid@example.com,001-235-793-6153x870,2021,Batch-1,New John,2025
205,James Solis,23,Male,qmorris@example.net,2083774003,2023,Batch-5,Bakerside,2027
206,Timothy Nguyen,24,Other,isabella18@example.org,839-531-7965x744,2023,Batch-3,North Douglasmouth,2027
207,Stephen Mccoy,24,Male,dawn86@example.com,7353105106,2022,Batch-1,New Tonya,2026
208,Gina Williams,21,Male,nataliecampbell@example.org,706.515.9706x484,2023,Batch-4,Trujillochester,2027
209,Emily Mcdowell,22,Female,contrerasmatthew@example.org,+1-659-285-9491x7489,2021,Batch-5,New Jessica,2025
210,Nicole Edwards,25,Other,donna60@example.com,745.421.8216,2021,Batch-3,New Andrew,2025
211,Antonio Lin,20,Other,ffrench@example.net,+1-850-211-6796x7239,2022,Batch-5,Susanfurt,2026
212,Megan Bryant,21,Female,lewislance@example.net,(541)254-7158x642,2019,Batch-4,Blakeshire,2023
213,Aaron Brewer,21,Male,singletonroy@example.com,345-298-8047x2023,2023,Batch-5,West Larry,2027
214,Anthony Franklin,23,Male,ygordon@example.net,+1-675-357-1780x1488,2020,Batch-5,Goodwinmouth,2024
215,Luke Garcia,21,Other,jason83@example.net,(218)280-3875,2023,Batch-2,South Jennifer,2027
216,Darlene Byrd,24,Other,davidvalencia@example.net,686.992.8277x072,2022,Batch-5,North Jeremiahbury,2026
217,Kurt Brady,25,Female,hernandezlaura@example.com,001-339-456-1600x6979,2019,Batch-5,South Aaron,2023
218,Walter Garcia MD,23,Female,matthew05@example.org,848-305-4499x4047,2019,Batch-3,East Victoria,2023
219,Tyler Adkins,24,Male,megancarter@example.com,5129032420,2021,Batch-2,New Maryborough,2025
220,Bradley Smith,21,Other,jamiejacobs@example.org,654.916.7754x9971,2019,Batch-3,East Matthewborough,2023
221,Eileen Crawford,25,Other,jenniferweiss@example.org,495.734.5998x4231,2021,Batch-4,Sanchezmouth,2025
222,Tracy Walker,25,Male,kayleewhitney@example.com,938-828-5995,2023,Batch-3,West Dominic,2027
223,Tammie Pitts,24,Male,andreajackson@example.org,+1-963-618-9275x6938,2023,Batch-3,Lake Stephanieside,2027
224,Hannah Foster,22,Female,cochranalexis@example.org,001-570-704-7384x11734,2023,Batch-1,Francisberg,2027
225,Jonathan Hill,22,Other,joannehernandez@example.org,236-862-7441,2021,Batch-2,Bellland,2025
226,Elizabeth Mitchell,25,Male,lambertdenise@example.com,(541)551-1672,2023,Batch-2,New Dustin,2027
227,Julia Lewis,24,Male,jenniferwilliams@example.org,001-615-973-8623x948,2023,Batch-3,South Ethan,2027
228,James Brown,21,Female,sean22@example.net,001-410-567-2941x85993,2022,Batch-5,Caitlinport,2026
229,Joe Garcia,24,Female,mary06@example.com,+1-237-305-4807,2023,Batch-3,North Juliefort,2027
230,Becky Kelley,25,Female,seth49@example.net,001-567-530-7662x2214,2022,Batch-2,Bowmanberg,2026
231,Dennis James,25,Male,sandra34@example.net,001-348-808-2164,2022,Batch-1,Jacksonville,2026
232,Raymond Kaiser,20,Male,sheryl55@example.org,001-800-671-2112x4876,2023,Batch-2,South Carlton,2027
233,Jon Brown,22,Female,edwarddiaz@example.com,628-615-6273x082,2022,Batch-2,North Victoria,2026
234,Lisa Lopez,21,Male,jpotter@example.org,575-865-9956x57669,2022,Batch-2,Port Stephanieview,2026
235,Jenna Martin,21,Other,brooksphilip@example.org,(680)971-9162x9701,2019,Batch-5,Coryville,2023
236,Trevor Davis,24,Male,pearsonstacy@example.net,9633541206,2020,Batch-5,Melissamouth,2024
237,Jonathan Peterson,21,Other,nallen@example.net,+1-311-875-4422x904,2023,Batch-1,Luceroside,2027
238,Casey Howell,22,Female,hpitts@example.com,747-612-8680x83717,2023,Batch-4,East Lisaport,2027
239,Thomas Vazquez,23,Female,hallrachel@example.com,676.389.6332x670,2022,Batch-5,North Davidville,2026
240,Daniel Duncan,21,Other,samantha87@example.com,(703)962-5785x0496,2022,Batch-4,West Nicoleshire,2026
241,Noah Wood,25,Male,nataliekeller@example.net,+1-319-967-4935x3452,2021,Batch-2,Lake Morganchester,2025
242,Mrs. Jennifer Hill MD,21,Other,carolinealvarado@example.com,001-549-877-2534,2020,Batch-4,Michaelmouth,2024
243,Alexander Gill,25,Female,murrayemily@example.com,001-938-891-5961x922,2021,Batch-2,Alejandrofurt,2025
244,Tyler Holden,20,Male,angela67@example.net,8872951298,2022,Batch-5,Burnsborough,2026
245,Keith Taylor,21,Other,freemandustin@example.net,001-542-565-0256x41428,2019,Batch-2,North Kristentown,2023
246,Regina Wright,24,Male,joel45@example.com,001-699-260-0207x38058,2020,Batch-5,New Shannonburgh,2024
247,Brian Castillo,20,Male,campbellcory@example.org,5809648806,2020,Batch-5,Jimenezborough,2024
248,Christian Stafford,23,Male,tamiwelch@example.org,001-342-773-7167x2682,2022,Batch-5,New Matthew,2026
249,Elizabeth Saunders,22,Female,jeanette22@example.com,001-355-503-6550x036,2019,Batch-3,New Kevinmouth,2023
250,Kimberly Webb,24,Male,johnwilliams@example.net,756-998-5968,2022,Batch-2,North Andrewport,2026
251,John Davies,20,Other,james87@example.com,001-944-253-4310,2020,Batch-1,New Mariahburgh,2024
252,Christopher Kim,21,Male,paigeherring@example.org,513.798.2589,2022,Batch-5,New Luis,2026
253,Larry Reyes,22,Male,harrislawrence@example.org,3153480701,2021,Batch-5,New Bryanfort,2025
254,Blake Mccormick,21,Other,rmiller@example.org,847-333-3960x8870,2021,Batch-5,South Alexanderland,2025
255,Stacie Hicks,24,Male,gibsonjackson@example.net,887.856.2280,2021,Batch-2,Wilsonchester,2025
256,Jessica Walsh,22,Other,zmartin@example.com,482-563-4861,2019,Batch-4,Cantuhaven,2023
257,Wendy Garcia,21,Male,acurtis@example.com,001-693-880-0841x65209,2020,Batch-1,New Sharonfort,2024
258,Christopher Jackson,23,Other,maria78@example.net,001-241-269-5683x016,2019,Batch-5,Espinozaside,2023
259,Andrew Perkins,20,Other,graytimothy@example.com,(324)466-3240x67638,2023,Batch-2,West Edwin,2027
260,Alexander Ross,24,Female,thomas97@example.com,+1-906-262-3826,2021,Batch-2,Luistown,2025
261,Ryan Obrien,24,Female,stacy13@example.org,520.752.7922,2022,Batch-5,Port Sean,2026
262,Joshua Terrell,20,Other,pcooper@example.org,001-912-990-1751,2019,Batch-2,New Jenniferview,2023
263,Shannon Carson,25,Female,douglaslarsen@example.com,(529)894-0664x6426,2021,Batch-4,Port Amanda,2025
264,Kari Brown,20,Female,clayerica@example.org,717.825.2493x13721,2022,Batch-3,East Corey,2026
265,Michael Arias,25,Male,bmorgan@example.net,248.964.6587,2021,Batch-5,Whitemouth,2025
266,Madeline Horton,22,Other,maciasrobin@example.com,586.548.7131,2021,Batch-3,South Anthony,2025
267,Gabriela Brown,24,Other,carterkaren@example.net,814-658-0851x65832,2021,Batch-4,Nunezburgh,2025
268,Paul Stevens,23,Male,mwright@example.com,001-200-395-0049,2023,Batch-1,Johnsonchester,2027
269,Latoya Lamb,23,Other,adam95@example.com,+1-681-448-6114x243,2020,Batch-3,Amandamouth,2024
270,Katie Brown,23,Male,meyerralph@example.net,620-837-0111x288,2019,Batch-1,Parrishland,2023
271,Christy Vasquez,23,Other,kristi75@example.net,(928)901-2037x1747,2019,Batch-3,West James,2023
272,Breanna Eaton,22,Male,matthew13@example.org,614.449.6053x50430,2019,Batch-4,North Danielbury,2023
273,David Harris,23,Female,martinshawn@example.org,271.320.0991x216,2023,Batch-2,Kevinburgh,2027
274,April Hogan,23,Male,cody91@example.net,420-463-0187x548,2019,Batch-4,Murphytown,2023
275,Eric Taylor,21,Other,brycemcdaniel@example.net,+1-994-566-1480x72290,2023,Batch-1,Timothyview,2027
276,James Jensen,24,Male,gina67@example.net,(347)298-9671,2020,Batch-5,Spencerberg,2024
277,Vincent Hanna,20,Other,barbara99@example.net,691-562-1263,2021,Batch-4,Tylerville,2025
278,Alison Porter,25,Male,ugriffin@example.com,4047906228,2020,Batch-3,Scottmouth,2024
279,Laura Rios,21,Other,olopez@example.org,606-914-0175x0683,2023,Batch-4,New Jamesshire,2027
280,Melissa Cabrera,20,Male,foleybrian@example.org,(912)524-8978x8805,2019,Batch-2,South Codyside,2023
281,Leslie Thornton,25,Male,amandaraymond@example.org,001-821-485-6533x997,2023,Batch-2,South Josephview,2027
282,Jennifer Alvarado,20,Female,russellrobinson@example.com,957-590-0071x81416,2022,Batch-5,Annshire,2026
283,Jason Morton,22,Other,hernandezstacy@example.org,001-322-399-4590x200,2022,Batch-1,Griffinstad,2026
284,Samuel Richard,23,Other,alexanderpaul@example.org,(474)697-4489x721,2019,Batch-2,Yangmouth,2023
285,Anthony Smith,20,Female,espinozabrian@example.net,8442391482,2019,Batch-3,New Daniel,2023
286,Devin Johnson,21,Female,douglasphillips@example.com,839.339.5308x551,2021,Batch-1,East Stephanieberg,2025
287,Jason Cook,21,Other,bushjohn@example.net,001-200-846-0279x4925,2021,Batch-3,North Jacquelineville,2025
288,Dana Chavez,22,Other,alvarezstephanie@example.com,956.689.5319,2020,Batch-2,Alexanderville,2024
289,Derrick Valdez,20,Male,seanyang@example.com,9846166803,2019,Batch-4,Anneside,2023
290,Scott Swanson,21,Male,mfuentes@example.net,6056651129,2019,Batch-4,East Sarah,2023
291,Timothy Morris,23,Female,nferrell@example.net,+1-898-576-7939x14888,2021,Batch-3,North Ryanton,2025
292,Craig Smith,24,Other,tliu@example.com,001-463-726-3342x33226,2022,Batch-1,West Bonnie,2026
293,Amy Dalton,21,Female,caroline92@example.org,799-888-3895x99738,2021,Batch-3,New Calvin,2025
294,Deborah Crosby,25,Male,justin97@example.net,470-240-1850x378,2020,Batch-1,Port Gregory,2024
295,Dr. Cesar Singleton MD,22,Other,obrientheresa@example.com,+1-984-379-7920x75531,2021,Batch-5,South Meganside,2025
296,Sandra Velez,23,Female,tpatterson@example.net,(509)947-5486x72867,2020,Batch-5,North Natalie,2024
297,Jennifer Gordon,24,Other,sullivanderek@example.com,681-492-7694,2023,Batch-2,Santosstad,2027
298,David Porter,21,Male,michael13@example.org,849-614-6805,2020,Batch-4,Darylhaven,2024
299,Richard Dunn,23,Female,amy06@example.net,(334)294-3839,2023,Batch-5,Dillonburgh,2027
300,Jamie Dunn,23,Other,huangbrittney@example.org,001-412-525-5854x24902,2020,Batch-3,Lake Kristen,2024
301,Linda Hernandez,20,Male,snyderrussell@example.org,819-392-4655,2022,Batch-4,West Alexisport,2026
302,Keith Fowler,25,Other,pattersonchelsea@example.org,920.888.7711x90312,2020,Batch-2,Heathshire,2024
303,Angela Dunlap,22,Male,lisabenson@example.net,556-440-4116x534,2020,Batch-1,West Andreachester,2024
304,Emily Klein,23,Female,qgilmore@example.net,+1-608-821-1224,2023,Batch-1,East Jeremy,2027
305,George Sheppard,21,Male,douglas26@example.com,992-905-8198x716,2019,Batch-1,Smithberg,2023
306,Carl Young,23,Female,elizabethsmith@example.com,+1-312-306-3771,2022,Batch-2,North Robertmouth,2026
307,James Scott,24,Male,fishermiguel@example.org,(878)651-2905,2021,Batch-2,Feliciaberg,2025
308,Ashley Duncan,25,Male,alexanderdave@example.org,+1-474-811-3024x843,2023,Batch-5,Elaineville,2027
309,Jaclyn Turner,24,Other,ulindsey@example.org,+1-820-783-1836,2020,Batch-4,South Stephanieside,2024
310,Elizabeth Nelson,20,Other,ffreeman@example.com,(663)577-2324x29474,2022,Batch-2,West Mark,2026
311,Jamie Oneill,24,Male,williamwhitney@example.org,564.994.3349x851,2019,Batch-2,Mcdonaldview,2023
312,Edward Ruiz,24,Male,iadkins@example.com,001-655-743-0350x42501,2020,Batch-1,North Davidfurt,2024
313,Whitney Howell,21,Male,allenjennifer@example.org,(999)822-2240x4662,2020,Batch-2,South Angelaview,2024
314,Lauren Ford,24,Other,marygarcia@example.org,(476)851-1096x39699,2022,Batch-1,Whitetown,2026
315,Michael Hendricks,21,Other,paynetodd@example.org,+1-501-851-9205,2019,Batch-1,South Heatherhaven,2023
316,Brittany Clark,24,Other,rpierce@example.com,231-944-9917,2021,Batch-3,South Michaelville,2025
317,Patrick Myers,25,Male,nelsonjennifer@example.net,965.258.3266,2019,Batch-5,Michaelbury,2023
318,Eric Edwards,22,Male,ahoward@example.net,805.302.3784x4593,2023,Batch-1,Jonesborough,2027
319,Anthony Church MD,20,Other,littlemichael@example.com,(417)908-9407x1564,2021,Batch-1,North Jameschester,2025
320,Brandon Mitchell,25,Other,hogansharon@example.org,001-334-415-1070x8008,2022,Batch-5,Woodsmouth,2026
321,Jeremy Soto,21,Male,sandra16@example.com,(550)823-5141x88514,2022,Batch-1,Baileyberg,2026
322,Jennifer Fox,23,Other,casey20@example.com,(417)489-7434,2019,Batch-1,Ericport,2023
323,Sherri Mathews,24,Male,palexander@example.org,4344687331,2019,Batch-1,West Michaelland,2023
324,Kristen Gallegos,23,Female,owilson@example.net,001-708-518-9141x891,2020,Batch-1,South Lorettaburgh,2024
325,Bruce Escobar,25,Male,andersonmichael@example.com,001-649-639-9856,2020,Batch-2,Stephaniemouth,2024
326,Allison Suarez,24,Female,hpollard@example.com,259.318.0630,2019,Batch-5,Scottmouth,2023
327,Melinda Stein,25,Male,patricianorman@example.net,001-670-505-4619x0692,2020,Batch-2,Christopherfort,2024
328,Nicole Hartman,20,Male,edwardsamanda@example.net,269.674.5767x014,2019,Batch-5,Lake Ashleystad,2023
329,April Lawrence,25,Other,townsendmatthew@example.com,(401)869-8219x633,2022,Batch-3,West Joseph,2026
330,Daniel Marshall,20,Female,carpenterdaniel@example.org,714.267.3474x01674,2021,Batch-1,Adamsfurt,2025
331,Brandon Keller,20,Other,opacheco@example.net,403-422-5789x459,2021,Batch-3,Jasontown,2025
332,Rachel Wagner,22,Female,richard95@example.com,001-698-276-1652x213,2023,Batch-1,Ericburgh,2027
333,Ronald Ward,25,Female,barreralaura@example.org,+1-888-530-4111x5604,2020,Batch-2,East Markmouth,2024
334,Kathleen Vasquez,24,Male,cameronangela@example.net,(812)666-5739,2021,Batch-1,Henryport,2025
335,Cheryl Carr,22,Other,cprice@example.org,341.227.5209,2021,Batch-3,Port Scott,2025
336,Scott Lewis,22,Female,michelleryan@example.net,288.423.0932,2019,Batch-5,Tammyfurt,2023
337,Nathaniel Jenkins,23,Male,htaylor@example.net,+1-417-675-0858x2252,2019,Batch-1,Jamesport,2023
338,Erin Roy,21,Male,carla53@example.net,+1-695-580-2639x890,2022,Batch-3,Crystalside,2026
339,Julie Reeves,25,Other,wstewart@example.com,001-401-982-2908x64065,2023,Batch-3,East James,2027
340,Jamie Gonzalez,20,Female,cody35@example.net,001-426-247-1593x5165,2022,Batch-1,Crystalton,2026
341,Taylor Friedman,20,Female,vincentjeffrey@example.net,913-600-4791x2144,2022,Batch-1,Angelafurt,2026
342,Elizabeth Holmes,21,Male,xgibbs@example.net,001-886-982-6956x508,2021,Batch-2,Cameronfort,2025
343,Michelle Moore,21,Male,christopher19@example.org,272-338-9987x6312,2023,Batch-3,Port Stephenfort,2027
344,James Hahn,24,Other,ptaylor@example.org,903.847.7118x8901,2022,Batch-2,New Jeffrey,2026
345,Katie Brooks,20,Other,wadams@example.com,5046022913,2020,Batch-4,Dudleytown,2024
346,Teresa Thomas,20,Female,harperamanda@example.net,(767)432-4346,2023,Batch-3,East Samantha,2027
347,Summer Martinez,21,Other,alexandrawilliams@example.net,6322627149,2020,Batch-3,East Michelleburgh,2024
348,Steven Davis,22,Other,cindy81@example.com,(614)934-4341,2022,Batch-3,Wesleyburgh,2026
349,Ashley Simpson,21,Other,pattersondonna@example.net,778-765-0328,2023,Batch-1,New Erika,2027
350,Julia Larson,20,Other,cortezbrian@example.net,001-468-541-6480x241,2021,Batch-1,Peterside,2025
351,Brandi Burns,25,Other,guerreromichael@example.com,(782)326-6997x35151,2019,Batch-1,Fosterland,2023
352,Jacqueline Walton,21,Male,spencernatasha@example.org,3403515392,2021,Batch-3,Amyburgh,2025
353,Robert Lewis,23,Male,charlesbrown@example.net,860.271.9705x7335,2021,Batch-3,North Jessica,2025
354,Daniel Lopez,20,Female,connie62@example.com,001-272-857-5273,2021,Batch-4,South Amy,2025
355,Charles Harrison,21,Other,holly90@example.org,469.821.4599,2019,Batch-1,Port Leslieberg,2023
356,Anna Koch,25,Female,fbonilla@example.net,268-328-0332x7363,2022,Batch-3,Mosleyborough,2026
357,Billy Maddox,24,Male,rfowler@example.net,(699)594-2979x8254,2021,Batch-2,North Daniel,2025
358,Mr. Jordan Smith DVM,23,Other,sparksjeffrey@example.org,3568364117,2021,Batch-5,Ellisstad,2025
359,John Fox,23,Female,mistyli@example.org,(251)881-9830,2019,Batch-3,South Austinshire,2023
360,Anthony Foley,24,Male,xshaw@example.com,645.573.4381,2023,Batch-4,South Jessica,2027
361,Justin Cook,24,Female,georgesarah@example.org,(235)416-1208x0641,2022,Batch-2,New Robinland,2026
362,Jeremy Simon,22,Other,conniejohnson@example.org,001-663-349-0357x303,2022,Batch-4,West Charles,2026
363,Jennifer Spears,23,Other,steve78@example.org,365.956.2122x496,2023,Batch-4,Haasstad,2027
364,Jake Gibson,25,Other,contrerascheryl@example.org,893-921-4806x1800,2021,Batch-1,Longstad,2025
365,Melanie Hall,23,Female,reynoldsjasmine@example.net,240.580.9397,2022,Batch-4,North Nicholas,2026
366,Edward George,20,Female,barbara67@example.org,001-471-544-9962x19061,2019,Batch-2,Angelashire,2023
367,Paige Gomez,21,Female,hernandezkendra@example.com,+1-538-803-8179x4584,2023,Batch-1,East Stephenfurt,2027
368,Teresa Morse,20,Female,jeffery08@example.net,(386)312-6625x430,2021,Batch-2,Thomasburgh,2025
369,Elizabeth Mercado,21,Male,shannon64@example.net,001-908-271-7892x5604,2023,Batch-3,Ortizbury,2027
370,Phillip Bullock,25,Male,xsoto@example.org,+1-638-876-4225x904,2023,Batch-5,New Elizabethborough,2027
371,Felicia Turner,20,Female,evang@example.org,628-517-3904,2023,Batch-3,Josephfurt,2027
372,Billy Lee,20,Other,vblackwell@example.com,(460)679-5526x199,2022,Batch-5,Robertport,2026
373,Alexander Taylor,23,Female,victoria32@example.net,305.727.3739x487,2023,Batch-4,Stephaniemouth,2027
374,Karen Cruz,25,Male,tcole@example.com,9378367132,2021,Batch-3,Nortonhaven,2025
375,Miranda Scott,21,Male,michelle60@example.org,450-745-4845,2021,Batch-4,Robinsonmouth,2025
376,Andrew Wilson,24,Female,carterjohn@example.net,906.565.1136,2022,Batch-3,Carrollshire,2026
377,Randy Jackson,23,Other,wwilson@example.com,475.732.9641,2019,Batch-4,Calhounview,2023
378,Sean Andrews,21,Male,megan49@example.net,8756655455,2022,Batch-4,East Christophershire,2026
379,Debra Jones,22,Other,xcastaneda@example.org,9969946304,2019,Batch-2,Theresabury,2023
380,Cheyenne Mendoza,25,Female,emorrow@example.net,229-864-7756,2019,Batch-3,Morashire,2023
381,Leah Small,25,Other,abigailjones@example.net,3459321756,2020,Batch-3,Alexanderburgh,2024
382,Brian Sanchez,22,Female,donnapatrick@example.com,455.427.4153x43797,2019,Batch-1,West Jenniferburgh,2023
383,Kenneth Blake,21,Other,hcampos@example.org,001-779-496-8058,2020,Batch-5,Port Melissa,2024
384,Jennifer Dodson,21,Male,jason34@example.net,690-983-3559,2020,Batch-5,New Patricia,2024
385,Melanie Harrison,20,Female,jonesamanda@example.net,298.750.1250,2021,Batch-4,West Brandonfort,2025
386,Christopher Fletcher,20,Male,ashley40@example.org,001-641-616-2399,2019,Batch-2,Carsonport,2023
387,Carrie Garcia,20,Male,mdonaldson@example.org,2737250853,2020,Batch-2,Davisberg,2024
388,Sean Saunders,21,Male,watsonsarah@example.net,001-447-432-8533x349,2020,Batch-3,East Andrew,2024
389,Leslie Crane,20,Male,darren39@example.org,(622)393-2638x0438,2020,Batch-4,New Monicaview,2024
390,Kathleen Trujillo,22,Other,qbrown@example.org,(847)670-3689x808,2019,Batch-4,South Rebecca,2023
391,Brittany Walters,22,Female,joneskristen@example.org,522.530.5289,2019,Batch-1,West Jocelynchester,2023
392,Frank Waller,22,Other,chase31@example.com,957.204.4576x5748,2021,Batch-5,Samanthaview,2025
393,Brianna Hanson,23,Male,joshuaberry@example.org,+1-895-748-4994x0055,2020,Batch-2,East Shannonton,2024
394,Brian Castro,20,Other,hellison@example.com,620-363-7774x7077,2023,Batch-1,West Cindy,2027
395,William Barry,20,Female,shellyharris@example.net,001-946-210-4254x7194,2020,Batch-4,Jeremytown,2024
396,Jeremy Jenkins,21,Male,ricky21@example.com,4738800480,2019,Batch-4,Lindseystad,2023
397,Natalie Mcintyre,25,Female,lynnsummers@example.org,001-822-915-1867x34928,2023,Batch-2,East Jennifer,2027
398,Eric Walker,20,Male,paulacarr@example.com,(700)729-6298x39249,2023,Batch-4,Adamfort,2027
399,Elizabeth Kelly,23,Male,mpalmer@example.net,+1-951-828-3401,2023,Batch-3,New David,2027
400,Leslie Zhang,23,Other,iwilkerson@example.com,(887)941-4551,2019,Batch-3,North Heidi,2023
401,Lori Morgan,25,Other,vanessa02@example.com,335.618.5365,2019,Batch-5,North Jennifershire,2023
402,Shannon Ortega,22,Female,williamparker@example.net,(522)454-0142,2023,Batch-2,Cunninghamville,2027
403,Joshua Baker,22,Other,ramirezmark@example.net,593.579.0775x76442,2022,Batch-3,East Amyside,2026
404,Todd Patton,25,Other,robert23@example.org,(987)944-4607,2023,Batch-1,Valeriefort,2027
405,Susan Martinez,24,Male,fred07@example.net,001-924-272-4393,2019,Batch-2,New Michael,2023
406,Meghan Romero,25,Other,spearssarah@example.com,675-365-5552,2020,Batch-3,Marshallton,2024
407,Sandra Williams,21,Male,rileybrown@example.net,712.678.9838,2022,Batch-5,Jonathanberg,2026
408,John Haas,24,Female,vargascole@example.com,773.748.9550,2020,Batch-2,Karenview,2024
409,Danielle Erickson,20,Male,ngutierrez@example.com,8786989310,2021,Batch-2,Port Olivia,2025
410,Johnny Lawson,22,Other,matthew75@example.net,(813)541-2162x71291,2019,Batch-5,West Christopher,2023
411,Stacey Bryant,22,Female,carpentergregory@example.net,001-427-672-8093x4406,2019,Batch-5,West Danielmouth,2023
412,Alice Smith,21,Male,luisjohnson@example.com,811.447.0704,2020,Batch-2,Angelaside,2024
413,Christina Perez,25,Male,randallestrada@example.net,001-468-493-5740x880,2023,Batch-1,Willisshire,2027
414,Patricia Brooks,22,Female,jeffrey07@example.org,+1-780-492-0678x5189,2021,Batch-3,Jamesshire,2025
415,Stephanie Hernandez,22,Male,wcoffey@example.com,5743181028,2022,Batch-2,New Rebecca,2026
416,William Simpson,23,Other,edodson@example.net,987.388.9076,2023,Batch-3,Charlesside,2027
417,Amanda Garcia,24,Female,michael55@example.com,711.758.5536,2021,Batch-3,South Suzanne,2025
418,Albert Joseph,25,Other,uescobar@example.org,354.795.5649x6845,2023,Batch-4,South Brittanyside,2027
419,Mrs. Taylor Lee,21,Other,nbrown@example.net,607.269.5500x03855,2021,Batch-2,Andersonstad,2025
420,Eric Richardson,21,Female,haleybrooks@example.org,401-585-0043,2022,Batch-5,Nicholasmouth,2026
421,Phillip Henry,23,Other,stephanieromero@example.net,405.570.4355x09589,2019,Batch-3,North Nicholas,2023
422,Gregory Fuentes,21,Male,barrettvalerie@example.net,+1-334-258-7688x695,2022,Batch-1,Chavezborough,2026
423,Andrew Williams,24,Female,tanyawhite@example.org,(256)599-5187x928,2022,Batch-1,Heatherton,2026
424,Michael Rivera,22,Female,kdudley@example.org,001-726-503-9845,2023,Batch-4,Emilyberg,2027
425,Gina Cooper,21,Female,jameshenderson@example.org,001-796-649-6027x80293,2023,Batch-3,Lake Johnland,2027
426,David Marshall,24,Male,jmurillo@example.net,362-963-3137,2023,Batch-1,East Allisonview,2027
427,Leslie Vaughn,25,Male,hernandezsarah@example.com,539.836.2690x01615,2021,Batch-3,South Katherineview,2025
428,Thomas Nelson,23,Other,barbarasanders@example.com,356.751.0968x77388,2021,Batch-2,Port Michaelport,2025
429,Troy Parker,20,Male,marywise@example.net,(682)498-2257,2020,Batch-4,East Amy,2024
430,Brian Washington,23,Female,derrickzhang@example.org,749-244-2589,2019,Batch-5,North Timothystad,2023
431,Danny Webb Jr.,21,Other,joy39@example.net,001-582-478-0909x404,2020,Batch-1,Katelynton,2024
432,Jennifer Miller,22,Female,youngdawn@example.com,3964480773,2020,Batch-1,West Amy,2024
433,Megan Rogers,24,Female,jeffreygriffin@example.com,001-288-886-7250x792,2022,Batch-4,East Charles,2026
434,Judith Mccormick,24,Other,castropaige@example.net,+1-433-884-7883x4944,2023,Batch-1,Masonview,2027
435,James Cunningham,22,Female,davidgonzalez@example.com,+1-636-460-7466x33170,2022,Batch-5,Lewiston,2026
436,Martin Payne,24,Other,pmathews@example.com,(476)789-9064,2020,Batch-1,North Matthew,2024
437,Molly Campbell,24,Other,mahoneymegan@example.com,832.729.5552x413,2021,Batch-5,South Cameron,2025
438,Holly Hogan,21,Other,kristinglenn@example.com,001-474-438-7182x47219,2021,Batch-4,Terriberg,2025
439,Samantha Williams MD,22,Other,sampsonjeremy@example.net,001-403-659-0412x22409,2019,Batch-3,South Sandraburgh,2023
440,Amy Mccall,24,Female,sarahspence@example.net,937.819.2504x0059,2021,Batch-4,Nicoleside,2025
441,John Ferrell,25,Other,alvaradomatthew@example.com,+1-630-460-2278x538,2019,Batch-3,Terrenceton,2023
442,Daniel Martinez,20,Other,nguyenkendra@example.com,555-245-9557x84791,2020,Batch-5,Theresahaven,2024
443,Michael Reynolds,21,Female,wjones@example.org,713.878.6304x25131,2019,Batch-2,New Dylanburgh,2023
444,Troy Joseph,22,Male,zgarcia@example.org,504-522-8794,2019,Batch-5,Port Dianamouth,2023
445,Mitchell Warren,24,Male,mark57@example.net,577-652-5223x910,2021,Batch-3,Saraville,2025
446,Leah Gutierrez,23,Female,keithboyd@example.net,(909)622-5322,2023,Batch-3,Tiffanyport,2027
447,Kimberly Mason,22,Other,brianadams@example.net,+1-692-457-7360,2020,Batch-4,New Taylor,2024
448,Kimberly Best,21,Other,jessicamcdonald@example.com,(961)222-9490x07013,2022,Batch-3,Shannontown,2026
449,Sarah Arnold,20,Other,stevepayne@example.org,2385832018,2023,Batch-2,Dianemouth,2027
450,Cindy Zhang,20,Other,james16@example.org,(881)486-5329x392,2019,Batch-2,Nancytown,2023
451,Thomas Castillo,22,Male,toddtaylor@example.net,+1-418-606-3963x8936,2021,Batch-2,New Marcusstad,2025
452,Jerry Jones,23,Male,jessica30@example.com,(752)899-5078x198,2021,Batch-5,Mccarthybury,2025
453,Joshua Thompson,22,Male,hollandashley@example.com,862-938-2970,2023,Batch-4,Cameronport,2027
454,Paul Greene,20,Male,martinezlee@example.org,826-894-3780x116,2022,Batch-3,Port Douglasberg,2026
455,William Warren,20,Female,fletchermegan@example.org,001-917-534-6830x3637,2019,Batch-1,West Morganberg,2023
456,David Silva,22,Male,sheri22@example.org,001-243-978-6040,2022,Batch-1,Port Michelleborough,2026
457,Joshua Banks,20,Other,kruegerkristen@example.net,657.872.3370x20029,2022,Batch-4,Lake Tommy,2026
458,Sarah Rivera,25,Female,kathryn90@example.org,892-464-6913x30612,2021,Batch-3,Danielmouth,2025
459,Warren Campbell,21,Other,flowersbrian@example.com,524.211.6901x16352,2021,Batch-1,South Samuelmouth,2025
460,Vincent Haynes,25,Female,timothy07@example.com,668.699.8927x106,2022,Batch-5,New Steven,2026
461,David Barr,23,Female,wigginsrobert@example.org,4998119375,2019,Batch-4,Mayomouth,2023
462,Lawrence Neal,20,Female,betty19@example.org,991.594.6979x61809,2020,Batch-3,Brandyhaven,2024
463,Mark Chen DDS,20,Other,erin34@example.org,001-657-555-1060x61379,2021,Batch-1,South Brentside,2025
464,William Patel,23,Male,donna31@example.com,+1-342-874-9074x007,2019,Batch-3,South Wanda,2023
465,Elizabeth Casey,25,Female,donaldfigueroa@example.org,001-961-990-0333x175,2023,Batch-5,East Stacy,2027
466,George Garcia IV,21,Male,carlos95@example.com,(297)214-1382x252,2020,Batch-1,Phillipsbury,2024
467,Timothy Tran,22,Other,jpoole@example.com,6237913569,2022,Batch-4,Robinsonport,2026
468,Travis Conway,24,Male,droberts@example.com,(346)317-3058x95682,2021,Batch-2,South Aprilport,2025
469,Marc Rosario,25,Female,anita67@example.com,206.281.2637,2021,Batch-3,Brittanyside,2025
470,James Kennedy,23,Male,kdaniels@example.net,421.251.9071x918,2022,Batch-2,Port Pamelashire,2026
471,Andrew Hoffman,24,Other,friedmancorey@example.com,001-745-470-0102,2023,Batch-2,Jenkinsland,2027
472,Brian Tate,20,Other,brianjackson@example.com,672-300-7783x14953,2022,Batch-1,Davidstad,2026
473,Gregory Johnson,20,Female,wcontreras@example.com,272-736-1557x389,2022,Batch-1,Kendraland,2026
474,Sonya Li,24,Female,tony59@example.com,705.406.4883x99928,2019,Batch-1,Port Anthonystad,2023
475,Christine Bennett,21,Male,rossgary@example.net,627-969-3627,2021,Batch-3,Lake Lisamouth,2025
476,Joseph Patton,20,Male,choilindsay@example.com,(746)699-6285x395,2023,Batch-3,Coopermouth,2027
477,Jessica Berger,21,Other,justinrollins@example.net,(282)976-0846x3183,2019,Batch-1,Pratthaven,2023
478,William Graves,21,Female,michaeldudley@example.com,(635)964-2268x1361,2020,Batch-4,East Lisachester,2024
479,Edwin Watts,24,Female,kellyking@example.net,+1-615-883-8674,2019,Batch-2,Guerreroshire,2023
480,Frank Turner MD,20,Other,scott58@example.net,272-351-1633x042,2020,Batch-5,Johnville,2024
481,Harold Kennedy,24,Other,peggy85@example.net,001-993-490-7237x48635,2022,Batch-4,Port Amber,2026
482,Vanessa Perry,23,Female,christine30@example.org,465.384.2717x126,2019,Batch-3,Meganview,2023
483,Randy Thomas,25,Female,jacobfrazier@example.com,932.938.7432,2023,Batch-5,North Larry,2027
484,Troy Brooks,21,Male,ricardohudson@example.com,001-976-632-8514x39802,2023,Batch-3,North Holly,2027
485,Thomas Adams,22,Other,hodgesmarcus@example.net,9494195804,2020,Batch-2,West Rhondamouth,2024
486,Matthew Johnson,24,Other,vjensen@example.net,797-449-8535,2019,Batch-4,Garystad,2023
487,Jessica Morgan,22,Female,fmccormick@example.org,273.722.2719x85991,2023,Batch-2,Hopkinsville,2027
488,Andre Duran,25,Other,anthony00@example.com,(552)643-7163,2019,Batch-2,East Scottstad,2023
489,Jake Gray,20,Female,tayloreddie@example.net,+1-711-250-9090x219,2019,Batch-4,West Jennaville,2023
490,Michelle Wilson,20,Other,reedkevin@example.org,288.611.1501x7244,2019,Batch-1,South Dwayne,2023
491,Julie Dixon,22,Other,lindaporter@example.org,(730)647-1358,2021,Batch-2,Combston,2025
492,Patrick Williams,22,Other,johnsonabigail@example.org,396.277.4998x48549,2023,Batch-5,Hilltown,2027
493,Alan Gomez,25,Other,martha70@example.net,001-837-220-9600x14134,2021,Batch-4,North Benjamin,2025
494,Andrew Wilson,23,Male,josephlee@example.org,9327483451,2020,Batch-5,Tammyhaven,2024
495,Jason Watson,22,Male,sullivanemily@example.com,(493)660-7064,2022,Batch-4,Ethanville,2026
496,Lisa Simon,20,Male,castillodavid@example.net,770-766-3624x23576,2022,Batch-3,South Cheryl,2026
497,Jasmine Chen,25,Female,holmescynthia@example.com,+1-239-366-0611,2021,Batch-3,Tateborough,2025
498,Kathleen Robinson,23,Male,whitedaniel@example.com,650.744.6612x775,2022,Batch-4,Robinsonmouth,2026
499,Gregory Trujillo,22,Female,smithpatrick@example.org,(257)996-1680,2022,Batch-4,New Jeffrey,2026
500,Rachel Reilly,21,Female,sarah96@example.org,+1-363-989-6522x3581,2022,Batch-5,Micheleview,2026
501,Jessica Delgado,25,Other,khanbelinda@example.org,431.275.7983,2020,Batch-3,Lake Wendyland,2024
502,Samuel Guzman,23,Female,christiegillespie@example.com,001-476-988-4243,2021,Batch-1,Brownville,2025
503,Sarah Jones,21,Male,iwilson@example.net,(540)842-9860x08344,2020,Batch-2,East Paulburgh,2024
504,Richard Ford,24,Female,manuelvaldez@example.org,(529)488-7798x31856,2019,Batch-3,Lorichester,2023
505,Timothy Wolf,22,Male,nromero@example.com,+1-562-989-2211x0348,2020,Batch-5,Lake Diane,2024
506,Amanda Johnson,23,Male,sharon56@example.com,245.300.3426x421,2023,Batch-2,Port Reginaberg,2027
507,Amber Cervantes,23,Female,fhughes@example.com,001-433-859-5807x3694,2021,Batch-4,Grantfurt,2025
508,Mark Mccoy,20,Female,melindacruz@example.net,001-590-427-6975x768,2020,Batch-3,Lake Tonyport,2024
509,Andrew Ortega,22,Other,jenkinsmichelle@example.com,(878)474-7334,2020,Batch-2,Millsfurt,2024
510,Brittany Phillips,22,Male,ipatterson@example.org,473.708.6859x2489,2022,Batch-3,New Pamelamouth,2026
511,Wanda Rivera,22,Female,richardjohnson@example.net,(230)662-1399x342,2023,Batch-2,North Kim,2027
512,Ryan Browning,25,Other,rossmaria@example.com,578.245.5548,2020,Batch-2,Taylormouth,2024
513,Richard Hunter,21,Other,wisecindy@example.com,618.914.1220x911,2019,Batch-1,South Danielleton,2023
514,Shari Garcia,23,Other,hcox@example.org,635-538-9137x061,2021,Batch-2,Parkerhaven,2025
515,Scott Weber,25,Other,alexisjames@example.net,+1-974-812-8514x63175,2020,Batch-4,Williamsborough,2024
516,Joseph Sandoval,24,Other,keith30@example.net,624-582-5838x92647,2022,Batch-5,East Jerry,2026
517,Patrick Boyd,24,Male,fullermichael@example.com,(669)284-8198x044,2023,Batch-4,Benjaminborough,2027
518,Gilbert Rose,20,Female,christopherwhite@example.net,673-969-1139,2021,Batch-3,Jamesmouth,2025
519,Kimberly Henry,24,Other,barrettmelinda@example.org,795-258-6554,2020,Batch-3,Lake Steven,2024
520,Diane Patton,23,Other,jeremybaker@example.net,557.905.5849x43561,2019,Batch-4,Alanshire,2023
521,Jerry Franklin,20,Other,ryanwhite@example.org,4326840378,2022,Batch-2,Keithtown,2026
522,Christopher Lee,20,Male,stevencampbell@example.com,001-802-683-0968x4316,2019,Batch-5,Lindseytown,2023
523,Tracy Reyes,23,Other,obaker@example.com,001-837-689-0636,2023,Batch-1,Churchton,2027
524,John Nelson,20,Other,williamsshawn@example.com,583-339-5673x349,2020,Batch-2,South Nicholaston,2024
525,Kathleen Figueroa,21,Other,hailey68@example.org,(550)229-5438,2019,Batch-5,Ronaldshire,2023
526,April Johnson,22,Female,triciacoleman@example.org,348-203-8273x5670,2020,Batch-5,East Juliehaven,2024
527,Matthew Freeman,24,Male,ysutton@example.org,228-581-1927x52289,2019,Batch-2,Starkfort,2023
528,Robert Vargas,22,Female,amanda07@example.net,+1-392-772-0217x9444,2020,Batch-4,Hensonville,2024
529,Margaret Martinez,25,Other,nicolegarcia@example.com,206.237.6989,2022,Batch-4,Brownport,2026
530,Maria Roberts,24,Female,craig98@example.com,371-637-1396,2023,Batch-5,Wayneport,2027
531,Lori Mclaughlin,23,Male,valentinedavid@example.com,(530)838-2104x651,2020,Batch-2,Port Johnberg,2024
532,Troy Walker,24,Female,bbartlett@example.org,(998)859-0419x2307,2019,Batch-2,Perezfort,2023
533,Dawn White,24,Male,brandon52@example.com,914-892-6829x680,2021,Batch-5,Aaronport,2025
534,Jaclyn Padilla,23,Female,ymejia@example.com,+1-987-450-8732x38571,2019,Batch-4,Port Paul,2023
535,Charles Brown,24,Male,ashley91@example.org,866.809.2580,2021,Batch-5,East Daniel,2025
536,Joshua Spencer,21,Male,maxwellderek@example.net,001-935-456-3341x610,2020,Batch-3,Webbberg,2024
537,Christopher Vazquez,20,Male,carrkatherine@example.org,(900)561-9224x5153,2021,Batch-5,Danielchester,2025
538,Theresa Sanchez,24,Male,sarah22@example.com,+1-200-247-3203,2020,Batch-1,Calderonmouth,2024
539,Timothy Hernandez,22,Female,johnathanharrison@example.org,001-656-329-4978x917,2022,Batch-1,West Tyler,2026
540,Christian Fields,20,Male,stephanie83@example.net,862-688-9210x03989,2023,Batch-3,Carlsonshire,2027
541,Victor Crosby,21,Other,josephtran@example.net,274.703.3350,2022,Batch-1,North Paulchester,2026
542,Madison Andrade,23,Female,zjohnson@example.net,+1-850-702-0108x635,2021,Batch-4,Port Stephanieport,2025
543,Joseph Summers,24,Other,bpittman@example.org,001-394-346-0913x0738,2023,Batch-5,West Thomastown,2027
544,Angel Owens,20,Other,jonathan55@example.com,001-616-725-5186x405,2020,Batch-3,East Matthewport,2024
545,James Harrison,25,Male,mejiamichael@example.org,5233865625,2021,Batch-4,Williamhaven,2025
546,Dr. Bobby Christian,24,Female,conradrobert@example.org,(624)245-9167,2023,Batch-3,Montgomeryfurt,2027
547,Lucas Diaz,25,Other,karen54@example.com,461-451-4389x1272,2022,Batch-3,Hernandezton,2026
548,Brian Barry,20,Other,ewatkins@example.org,862-581-3093,2021,Batch-4,Port Melissa,2025
549,Jeffrey Callahan,22,Male,kellykristin@example.com,001-938-877-4888x6529,2022,Batch-5,Shermanhaven,2026
550,Richard Chavez,22,Female,vcarlson@example.com,+1-974-670-9628x6517,2019,Batch-4,Lopezstad,2023
551,Emily Hanna,22,Male,nacosta@example.org,(633)975-9286,2022,Batch-1,Alexanderfort,2026
552,Brandon Young,22,Other,millerautumn@example.org,+1-972-465-0936,2021,Batch-2,Lake Paul,2025
553,Patrick Ward,20,Other,sbrooks@example.net,001-282-837-2613x700,2021,Batch-4,Gutierreztown,2025
554,Michael Rose,25,Male,jasminegonzalez@example.com,659.758.3717,2022,Batch-3,East Sheilaview,2026
555,David Davidson,25,Other,perkinsernest@example.org,(745)921-3136x87035,2021,Batch-2,Port Scott,2025
556,John Winters,24,Other,westlouis@example.org,001-541-367-0545x2138,2021,Batch-4,South Timothy,2025
557,Angela Dixon,25,Other,jennifer75@example.net,262.740.6184,2022,Batch-2,West Christianview,2026
558,Donald Kim,22,Male,uscott@example.net,5092583880,2022,Batch-5,South Victorhaven,2026
559,Karen Huynh,22,Other,foxjulie@example.com,655-757-9707,2020,Batch-1,Fieldston,2024
560,Dr. Danielle Gonzalez,25,Female,dwillis@example.org,940.709.4595,2019,Batch-2,East Thomas,2023
561,Mrs. Melissa Hill,20,Female,deborahgray@example.com,(875)276-5574x8590,2019,Batch-3,East Christy,2023
562,Melissa Ryan,25,Female,sperry@example.net,001-512-515-6429,2019,Batch-3,East Misty,2023
563,Larry Rasmussen,21,Other,susan38@example.com,7398708527,2022,Batch-2,Gonzalezburgh,2026
564,Beth Herman,20,Other,zrichardson@example.com,001-623-491-8465x831,2022,Batch-4,Greeneville,2026
565,Jennifer Wilson,21,Female,garrettwalter@example.com,699.881.2881x003,2022,Batch-5,Lake Ericborough,2026
566,Sean Benton,23,Other,joseph26@example.net,+1-446-726-7737x454,2020,Batch-2,Port Andrea,2024
567,William Fields,20,Female,tylergibson@example.org,863-754-1390x9801,2020,Batch-3,Wellschester,2024
568,Thomas Olson,22,Other,wmartin@example.com,(494)375-0251,2022,Batch-3,Port Morganport,2026
569,Joseph Smith,23,Male,rcox@example.net,(451)541-8430x37522,2020,Batch-1,Lake Tracybury,2024
570,Lisa Martin,24,Male,jordancarter@example.org,970.538.9603,2021,Batch-2,Curtisport,2025
571,Joseph Flowers,25,Other,brendaphillips@example.com,548-729-7113x91034,2023,Batch-5,East Laura,2027
572,Heather Martin,21,Female,ericmiranda@example.net,246.249.3536x33817,2023,Batch-5,Lake Michaelshire,2027
573,Clarence Casey,20,Other,randallsmith@example.org,6675088685,2020,Batch-2,New Louisside,2024
574,Luis Thomas,21,Male,jillian87@example.com,802-809-0998x30297,2019,Batch-2,North Alexander,2023
575,Jonathan Duffy,21,Female,johngarza@example.net,(652)224-4810x132,2022,Batch-2,Lake Cole,2026
576,Brian Kemp,24,Female,sgaines@example.com,+1-343-458-1295,2021,Batch-5,South Elizabeth,2025
577,James Clark,25,Male,mjordan@example.com,587.415.1800,2021,Batch-4,West Richardberg,2025
578,David Riley,22,Male,jeffrey26@example.net,349-222-3425,2023,Batch-5,Mirandaton,2027
579,Katie Smith,21,Female,wpatrick@example.com,9362785650,2023,Batch-3,Amyfurt,2027
580,Dr. Pamela Benson,24,Other,sarahlee@example.org,874.293.2462,2019,Batch-4,Lake Dustinstad,2023
581,Joseph Jones,25,Other,meganmurillo@example.com,001-234-825-5347x881,2022,Batch-4,Spencertown,2026
582,Melissa Rose,23,Female,gmorales@example.org,661-287-0266,2020,Batch-2,Williamsland,2024
583,Michael Rodriguez,21,Male,bbradford@example.net,001-749-909-4469x3084,2020,Batch-4,Port Amy,2024
584,Alexandra Morrison,25,Female,normanjames@example.net,307-704-1002x750,2022,Batch-4,Port Ashley,2026
585,Dana Davis,23,Other,pmiller@example.org,297.762.6619x019,2023,Batch-5,East Nathanborough,2027
586,Valerie Guzman,22,Other,karen29@example.org,752.480.7779x1588,2019,Batch-5,Lake Rickyhaven,2023
587,Gary Escobar,25,Other,xsantos@example.net,816-722-5415,2019,Batch-3,New Riley,2023
588,Cristian Campos,22,Male,harringtondaniel@example.com,482.499.8150,2020,Batch-2,Coffeyhaven,2024
589,Amy Gonzales,20,Female,rodriguezmichelle@example.org,5555210059,2021,Batch-3,South Daniel,2025
590,Douglas Harrison,25,Other,daniellepage@example.org,(366)414-8933,2020,Batch-1,New Ann,2024
591,Tiffany Allen,25,Other,brownkelly@example.org,(362)378-2153x54089,2022,Batch-2,New Charles,2026
592,Wendy Santos,23,Female,calvin72@example.org,+1-302-621-7116x00989,2023,Batch-3,Singhton,2027
593,Matthew Mitchell,24,Other,jesse54@example.org,909.845.1001x11561,2020,Batch-2,New Craig,2024
594,Teresa Baker,20,Male,samuelcastro@example.com,5487967060,2023,Batch-3,Allenberg,2027
595,Susan King,25,Male,daniellebaird@example.org,425-224-3403,2019,Batch-5,East Adam,2023
596,Matthew Strickland,21,Other,jessica59@example.net,+1-930-902-4409x59526,2019,Batch-1,Raymondberg,2023
597,Edward Phillips,22,Other,osmith@example.net,001-479-329-3812,2022,Batch-5,Port Michelle,2026
598,Robin Hanna,22,Female,jennifer30@example.com,740-612-8143,2020,Batch-5,East Paulport,2024
599,Emily Wu,23,Male,tonyasmith@example.org,437-515-1300,2019,Batch-3,Tylerberg,2023
600,Jeffery Smith,22,Female,georgeturner@example.org,792.715.6159x6295,2022,Batch-5,Thomasshire,2026
601,Michelle Smith,22,Female,chad26@example.net,4198512479,2022,Batch-5,New Masonburgh,2026
602,Nicholas Rivera,20,Female,xrosales@example.org,+1-990-544-7984x90945,2020,Batch-1,North Matthewton,2024
603,Mary Park,22,Male,jkelly@example.net,+1-565-778-7434x85974,2023,Batch-3,South Kimberly,2027
604,Tamara Jones,20,Female,newmanstephen@example.com,422-272-2230,2022,Batch-4,Paulmouth,2026
605,Wanda Ballard,23,Male,stephanie74@example.com,(747)545-2550x652,2019,Batch-3,Russoberg,2023
606,Lisa Ryan,22,Other,maureen05@example.net,2563720959,2021,Batch-3,Lopezside,2025
607,Courtney Orozco,24,Other,langalbert@example.com,+1-796-279-8606,2023,Batch-3,Johnsonburgh,2027
608,Mark Palmer,20,Other,david64@example.net,528-760-8746x3336,2021,Batch-5,Sarastad,2025
609,Jennifer Miller,24,Other,pachecotammie@example.net,816-863-7154,2021,Batch-4,New Juliashire,2025
610,Debra Levy,21,Other,deanna96@example.com,568.501.7028,2022,Batch-5,Kristinaview,2026
611,Danielle Harmon,20,Female,benjamin15@example.com,908-242-8977,2022,Batch-3,Martinezmouth,2026
612,Maxwell Perez,22,Male,williamsdavid@example.org,928.561.5910x60807,2023,Batch-1,Cooperland,2027
613,John Becker,20,Female,jaime98@example.com,991-754-4637,2023,Batch-4,Ortegaburgh,2027
614,Tyler Fernandez,23,Male,fblack@example.com,781-408-6288,2020,Batch-3,Port Carriemouth,2024
615,Stephanie Gardner,23,Other,christyhubbard@example.com,568-403-2461x1513,2023,Batch-1,North Stephen,2027
616,Crystal Stewart,23,Other,terri22@example.org,+1-556-403-7042x593,2021,Batch-3,Johnburgh,2025
617,Kevin Wright,21,Female,akeller@example.org,526-270-1652x367,2019,Batch-1,East Daniel,2023
618,Deborah Ramirez,24,Other,ariasjulie@example.org,+1-317-329-6016x203,2023,Batch-2,East Andreaborough,2027
619,Matthew Haas,21,Female,erikadixon@example.org,+1-670-569-1522,2021,Batch-1,West Lawrenceport,2025
620,Brandy Terry,20,Female,laraanthony@example.org,(663)974-7251,2021,Batch-5,North Julieport,2025
621,William Sanders,22,Female,hbell@example.net,879-269-3762,2023,Batch-1,East Andrew,2027
622,Mindy Ramos,22,Male,gonzalezlinda@example.org,300.503.8820,2021,Batch-4,Hamiltonburgh,2025
623,Albert Rodriguez,25,Male,brownlaura@example.net,492-587-9280,2019,Batch-2,Aliciaberg,2023
624,Tiffany Perez,24,Female,youngjason@example.net,977-555-5792x39074,2023,Batch-2,New Teresamouth,2027
625,Alexander Banks,24,Female,stephanie67@example.com,(674)616-3097,2021,Batch-5,Ericport,2025
626,Mary Price,23,Male,vcole@example.org,(352)396-7787x39516,2023,Batch-2,Ericburgh,2027
627,Elizabeth Austin,24,Female,salinascristian@example.com,001-977-392-9805x55649,2019,Batch-3,New David,2023
628,Justin Lopez,21,Other,brownandrew@example.org,498-657-8052,2023,Batch-2,North Jennifer,2027
629,Daisy King,24,Male,heidiwalker@example.net,001-475-306-8682x46907,2022,Batch-5,South Holly,2026
630,Alan Smith,20,Other,tinarios@example.org,6822549071,2019,Batch-4,South Hannahhaven,2023
631,Mrs. Nicole Miller PhD,20,Male,frank92@example.org,+1-315-727-0678x972,2020,Batch-1,Jessicahaven,2024
632,Bruce Haynes,21,Other,villarrealbethany@example.com,(948)807-2825x02957,2019,Batch-1,Port Bruce,2023
633,Keith Nash,20,Female,ckent@example.net,417.609.0362x336,2022,Batch-2,Port Devon,2026
634,Michelle Daniels,20,Other,browndaniel@example.com,+1-692-620-0035x7998,2022,Batch-3,South Trevor,2026
635,Mark Berger,20,Female,zmorrow@example.net,534.208.5777x52006,2021,Batch-1,South John,2025
636,Pamela Knox,22,Male,imartin@example.com,561-388-7358x01247,2023,Batch-4,New Cody,2027
637,Michelle Esparza,24,Male,paul47@example.org,548-527-3759x5324,2022,Batch-2,Cliffordbury,2026
638,Patricia Lutz,21,Female,robinschroeder@example.net,(887)686-5822x8982,2023,Batch-3,Port Michael,2027
639,Hannah Rogers,23,Female,riverakaren@example.org,391.863.5492x78791,2021,Batch-2,North Ryan,2025
640,Dillon Gordon,23,Other,dkramer@example.net,459.603.1642,2021,Batch-4,Dudleymouth,2025
641,Katherine Gonzalez,22,Male,tylerlong@example.net,976.846.9544x3032,2022,Batch-5,Michellebury,2026
642,Joshua Shelton,24,Other,sarahjohnson@example.net,(286)646-1396x900,2019,Batch-4,Jamesberg,2023
643,Randall Cunningham,25,Other,zsherman@example.net,992-436-8558,2021,Batch-4,Port Prestonville,2025
644,Lisa Pittman,23,Male,patriciamiller@example.org,+1-924-312-3739x96717,2021,Batch-3,North Colleenborough,2025
645,Tanya Myers,21,Other,oconnellamanda@example.net,001-512-638-6254x1340,2020,Batch-4,West Victoria,2024
646,Shelby Soto,24,Other,kinglindsey@example.org,+1-205-748-8674x2418,2019,Batch-4,East Gregorystad,2023
647,Laurie Church,22,Male,rthomas@example.org,834.332.7522x2260,2023,Batch-4,Jordanton,2027
648,Alan Pearson,25,Female,cassandragomez@example.com,(906)567-3365x0589,2019,Batch-4,North Vickiechester,2023
649,Ronnie Bond,21,Female,jeffreybarber@example.org,231-262-3188x856,2022,Batch-2,New Sabrina,2026
650,Denise Peters,24,Male,wmoore@example.com,+1-324-809-8005x79723,2020,Batch-5,South Danielle,2024
651,Barbara Sims,21,Other,michael94@example.net,(759)274-2355,2019,Batch-4,Rhodestown,2023
652,Timothy Nelson,23,Female,tdorsey@example.com,001-807-808-4889x897,2021,Batch-2,Whitestad,2025
653,Caitlin York,21,Female,sherijordan@example.org,+1-999-294-9656x61067,2022,Batch-5,Lake Donald,2026
654,Megan Smith,22,Other,melinda83@example.com,4129185416,2020,Batch-4,Jessicachester,2024
655,Jorge Pham,24,Male,jonathan00@example.com,994-336-7161x24603,2019,Batch-5,Jeffreyshire,2023
656,Shannon Richards,25,Male,craig70@example.org,273.358.4088,2019,Batch-2,Joanfort,2023
657,Mrs. Karen Garcia,21,Male,nealeric@example.org,001-261-949-1484x176,2019,Batch-5,Loweryfurt,2023
658,Austin Perez,22,Female,upadilla@example.com,400.985.9945x304,2022,Batch-4,South Daniel,2026
659,Clayton Atkins,22,Male,mhale@example.org,+1-492-807-3886x26369,2023,Batch-4,South Louisport,2027
660,Matthew Conner,23,Male,qlopez@example.org,824.223.6756,2021,Batch-5,Adamsville,2025
661,Robin Wallace,24,Other,davilabarbara@example.org,688-873-2336x73605,2021,Batch-1,Mitchellhaven,2025
662,Beth Johnson,21,Female,danielle80@example.net,759-287-3170,2023,Batch-4,East Amber,2027
663,Bonnie Miller,25,Other,millerbrandon@example.org,937.996.0389x14462,2020,Batch-5,Stacieberg,2024
664,Gloria Watkins,23,Other,grhodes@example.org,+1-295-285-3590,2020,Batch-1,North Davidtown,2024
665,Vickie Gallegos,24,Other,franciscoevans@example.org,822-986-4693x6166,2019,Batch-3,North Lawrence,2023
666,Jennifer Dodson,24,Male,heather84@example.org,304-766-9051x4713,2020,Batch-1,South David,2024
667,Reginald Park,20,Female,hmartinez@example.net,862-341-8214x34119,2021,Batch-1,Hawkinsmouth,2025
668,Pamela Frank,20,Male,perrydalton@example.net,(888)566-3686x68566,2023,Batch-2,Port Ralph,2027
669,Faith Bautista,22,Other,ihenry@example.net,4077122488,2020,Batch-4,Stephenville,2024
670,Thomas Torres,20,Male,joshua19@example.com,+1-766-484-1522x020,2022,Batch-1,South Derek,2026
671,Kimberly Howard,24,Male,sharonaguirre@example.org,001-543-312-6304x6133,2019,Batch-5,South Elizabeth,2023
672,Jennifer Weaver,22,Male,williamdelgado@example.org,547.260.1016x700,2019,Batch-2,Port Edwardtown,2023
673,Stephen Lewis,21,Other,theodorereynolds@example.org,+1-646-913-0125x81157,2020,Batch-4,New Lukeville,2024
674,Justin Avery,24,Other,sonyathomas@example.org,249.580.3670,2021,Batch-4,Youngmouth,2025
675,Jeffrey Cummings PhD,23,Other,hillcarlos@example.com,+1-696-480-8398x254,2021,Batch-4,Gallowayburgh,2025
676,Katie Shannon,23,Other,greggjensen@example.com,+1-732-330-7644x3054,2020,Batch-5,Adamsmouth,2024
677,Jennifer Harris,21,Female,ymunoz@example.net,001-315-734-8159x7113,2022,Batch-1,Lake Davidhaven,2026
678,Michael Scott,20,Other,devin34@example.net,825-742-9204x1679,2022,Batch-3,Beckermouth,2026
679,Donna Johnson,21,Female,zachary18@example.org,333-750-9804,2022,Batch-3,West Laurenville,2026
680,James Mcfarland,23,Male,atkinsjennifer@example.net,+1-314-964-2704x707,2023,Batch-3,Lake Alejandra,2027
681,Carol Cobb,20,Male,petersonwilliam@example.com,970.285.4925x7138,2021,Batch-1,Greenbury,2025
682,Thomas Bryant,22,Female,joycewalker@example.org,(285)371-7133x612,2021,Batch-4,Port Stephen,2025
683,Matthew Snyder,24,Male,nancyclark@example.net,001-348-944-2927,2022,Batch-1,Barkerland,2026
684,Kevin Ellis,23,Other,andrewkennedy@example.net,+1-618-254-8963x1121,2019,Batch-3,Johnsonville,2023
685,Erin Smith,20,Male,sullivanmichelle@example.org,(785)449-0529,2019,Batch-3,Connieland,2023
686,Richard Williams,21,Male,buchanancraig@example.org,001-555-403-1917x16920,2023,Batch-4,Hughesbury,2027
687,Jeffrey Smith,21,Female,griffinchristine@example.org,8802736890,2023,Batch-3,South Marilynside,2027
688,Jenna Roy,24,Male,adamhernandez@example.net,001-643-436-9055x53913,2021,Batch-2,Tammyport,2025
689,Shannon Terry,25,Female,vanceelizabeth@example.net,001-413-398-9591x10889,2019,Batch-2,Port Danielleshire,2023
690,Sharon King,24,Other,ryan96@example.net,001-959-512-3043x5125,2022,Batch-5,New Josephhaven,2026
691,Donald Wallace,23,Female,edwardsalice@example.com,(964)999-8902,2019,Batch-1,Lake Tinamouth,2023
692,Melissa Mercado,20,Other,sancheznathan@example.net,345-380-8495,2019,Batch-5,Cookside,2023
693,Cynthia Garcia,20,Other,alexandra38@example.com,663-931-9978x3492,2019,Batch-4,Kathyfurt,2023
694,Sandra Kirby,21,Female,bentleymichelle@example.org,372.935.6386x30323,2023,Batch-2,Christychester,2027
695,Barbara Williams,25,Female,ttran@example.org,(475)872-0665,2021,Batch-3,East Darrellton,2025
696,Arthur Walton,21,Other,mitchell27@example.net,(227)714-5723x391,2022,Batch-4,Lake Patriciaborough,2026
697,Jerome Morales,21,Male,phillipsjoshua@example.net,001-958-620-2851x96273,2022,Batch-4,North Jenniferland,2026
698,Michaela Davidson,21,Female,jacksonjanet@example.com,001-577-579-6548,2023,Batch-3,Andrewton,2027
699,Justin Knight,24,Other,ethan66@example.net,001-413-807-8854x756,2019,Batch-5,Lake Karina,2023
700,Lance Humphrey,25,Other,bpugh@example.org,+1-552-583-6790x09549,2020,Batch-1,New Kayla,2024
